{"cameraMode":{"drawMode":0,"name":"Shaded","section":"Shading Mode"},"sceneLighting":true,"audioPlay":false,"sceneViewState":{"m_AlwaysRefresh":false,"showFog":true,"showSkybox":true,"showFlares":true,"showImageEffects":true,"showParticleSystems":true,"showVisualEffectGraphs":true,"m_FxEnabled":true},"in2DMode":false,"pivot":{"x":3.1929166316986086,"y":1.4863542318344117,"z":6.636693954467773},"rotation":{"x":0.18798623979091645,"y":-0.33000463247299197,"z":0.0672389417886734,"w":0.9226260185241699},"size":0.6005171537399292,"orthographic":false}