{"cameraMode":{"drawMode":0,"name":"Shaded","section":"Shading Mode"},"sceneLighting":false,"audioPlay":false,"sceneViewState":{"m_AlwaysRefresh":false,"showFog":false,"showSkybox":true,"showFlares":true,"showImageEffects":true,"showParticleSystems":true,"showVisualEffectGraphs":true,"m_FxEnabled":true},"in2DMode":false,"pivot":{"x":244.29701232910157,"y":-38.474212646484378,"z":129.0516357421875},"rotation":{"x":0.39390626549720766,"y":-0.022056275978684427,"z":0.009455601684749127,"w":0.9188390374183655},"size":160.8643035888672,"orthographic":false}