{"cameraMode":{"drawMode":0,"name":"Shaded","section":"Shading Mode"},"sceneLighting":false,"audioPlay":false,"sceneViewState":{"m_AlwaysRefresh":true,"showFog":true,"showSkybox":true,"showFlares":true,"showImageEffects":true,"showParticleSystems":true,"showVisualEffectGraphs":true,"m_FxEnabled":true},"in2DMode":false,"pivot":{"x":324.65411376953127,"y":-128.97958374023438,"z":612.3389892578125},"rotation":{"x":0.2914130985736847,"y":0.12863905727863313,"z":-0.039582449942827228,"w":0.9470885396003723},"size":152.69357299804688,"orthographic":false}