{"cameraMode":{"drawMode":0,"name":"Shaded","section":"Shading Mode"},"sceneLighting":false,"audioPlay":false,"sceneViewState":{"m_AlwaysRefresh":false,"showFog":false,"showSkybox":false,"showFlares":false,"showImageEffects":false,"showParticleSystems":false,"showVisualEffectGraphs":true,"m_FxEnabled":true},"in2DMode":false,"pivot":{"x":-0.049332521855831149,"y":0.19644546508789063,"z":0.2706061601638794},"rotation":{"x":-0.009270308539271355,"y":0.9632807970046997,"z":-0.2662818133831024,"w":-0.033541757613420489},"size":0.21266955137252809,"orthographic":false}